BEGIN
DELETE FROM BD_T_BUSITYPE WHERE BUSITYPEID IN('D839126B0AF544C288ABFE0BBB5A74C2','14F04DE6CF7743EF90DB6E2AAEEC2A86','5AD17E073B774E0998F2205566FCFF6D','D9BDA90F434D4364830D37A4A1B12C3A','EB0C57EE5D1B411883EAC3D224DF56ED','FCEAEB0EBF2C4A8F8E08FAAAB1AC3330','D9BDA90F434D4364830D37A4A1B16548','14F04DE6CF7743EF90DB6E2AAEEC6545');
insert into BD_T_BUSITYPE (BUSITYPEID, BUSITYPENAME, SYSTEMID, ISFILEPANEL, ISREVOKE, RETURNLEVEL, ISSTARTVERTICAL, HISAUTH, STATUS, ISSUEDJSURL, REPORTJSURL, ISSELECTED, HORIZONTALJSURL, VERTICALJSURL, HORIZONTALOUTLINEJSURL, VERTICALRETURNJSURL, VERTICALCANCELJSURL, SERVICETEMPTYPE, ISSENDDEPT, ISISSUED, ISREPORT, HORIZONTALSUBJECTJSURL, VERTICALTODOJSURL, PERMISSIONID, HORIZONTALRESELECTJSURL, CONDITIONID, ISRECEIVETASK, ISROLLBACKSCOPETASK, ISREPORTSELECTED, VRIABLEBEANID, ISRETURNREVOKE, ISRETURN, VERTICALFINISHJSURL, SENDTARGETJSURL, ISSHOWCREATEFORM, ISSHOWBINDINGAFFIX, DEFAULTTITLE, DISTRICTID, REPORTDEFAULTTITLE, ISSUEDDEFAULTTITLE, SENDDEPTDEFAULTTITLE, BUSIPARAMCODE, VERTICALROLLBACKTITLE, ATTRIBUTECONTRO)
values ('14F04DE6CF7743EF90DB6E2AAEEC6545', '一级项目调整', 'SPF', '1', '1', 'CZ', '1', null, '1', '4B5233F44CA925DFE0533A06A8C02937', '4B5233F44CA825DFE0533A06A8C02937', '1', '4B5233F44CAC25DFE0533A06A8C02937', '4A1CA405E33768E0E0533A06A8C0699D', '4B5233F44CAE25DFE0533A06A8C02937', '6483E84AFB434D14BECFF22127C00565', '4BB3002043683F04E0533A06A8C00F3A', '0', '1', '1', '1', '4B35BEAAE8291322E0533A06A8C01884', '6483E84AFB434D14BECFF22127C00A00', null, '4CF2D8D5009865DBE0533A06A8C0310F', null, '1', '1', '1', null, '1', '1', '4F4F58D62A6831C3E0533A06A8C0C92B', '4E578CDCA80F4EE9E0533A06A8C0EE9A', '1', '1', null, '2172C1BEE5434E89982ED5F45C8E8859', null, null, null, null, null, '0');

insert into BD_T_BUSITYPE (BUSITYPEID, BUSITYPENAME, SYSTEMID, ISFILEPANEL, ISREVOKE, RETURNLEVEL, ISSTARTVERTICAL, HISAUTH, STATUS, ISSUEDJSURL, REPORTJSURL, ISSELECTED, HORIZONTALJSURL, VERTICALJSURL, HORIZONTALOUTLINEJSURL, VERTICALRETURNJSURL, VERTICALCANCELJSURL, SERVICETEMPTYPE, ISSENDDEPT, ISISSUED, ISREPORT, HORIZONTALSUBJECTJSURL, VERTICALTODOJSURL, PERMISSIONID, HORIZONTALRESELECTJSURL, CONDITIONID, ISRECEIVETASK, ISROLLBACKSCOPETASK, ISREPORTSELECTED, VRIABLEBEANID, ISRETURNREVOKE, ISRETURN, VERTICALFINISHJSURL, SENDTARGETJSURL, ISSHOWCREATEFORM, ISSHOWBINDINGAFFIX, DEFAULTTITLE, DISTRICTID, REPORTDEFAULTTITLE, ISSUEDDEFAULTTITLE, SENDDEPTDEFAULTTITLE, BUSIPARAMCODE, VERTICALROLLBACKTITLE, ATTRIBUTECONTRO)
values ('D9BDA90F434D4364830D37A4A1B16548', '二级项目调整', 'SPF', '1', '1', 'CZ', '1', null, '1', '4B5233F44CAB25DFE0533A06A8C02937', '4B5233F44CAA25DFE0533A06A8C02937', '1', '4B5233F44CAD25DFE0533A06A8C02937', '4A1CA405E33968E0E0533A06A8C0699D', '4B5233F44CAF25DFE0533A06A8C02937', '6483E84AFB434D14BECFF22127C00A66', '4A1CA405E33A68E0E0533A06A8C0689D', '0', '1', '1', '1', '4B35BEAAE82A1322E0533A06A8C01884', '6483E84AFB434D14BECFF22127C00A22', null, '4D915AD388230EB2E0533A06A8C0D0D6', null, '1', '1', '1', null, '1', '1', '4F4F58D62A6931C3E0533A06A8C0C92B', '4E678CDCA80F4EE9E0533A06A8C0EE9A', '1', '1', '${PROJNAME}项目调整', '2172C1BEE5434E89982ED5F45C8E8859', '${PROJNAME}项目调整上报', null, '${PROJNAME}项目调整发送横向', null, null, '0');

insert into BD_T_BUSITYPE (BUSITYPEID, BUSITYPENAME, SYSTEMID, ISFILEPANEL, ISREVOKE, RETURNLEVEL, ISSTARTVERTICAL, HISAUTH, STATUS, ISSUEDJSURL, REPORTJSURL, ISSELECTED, HORIZONTALJSURL, VERTICALJSURL, HORIZONTALOUTLINEJSURL, VERTICALRETURNJSURL, VERTICALCANCELJSURL, SERVICETEMPTYPE, ISSENDDEPT, ISISSUED, ISREPORT, HORIZONTALSUBJECTJSURL, VERTICALTODOJSURL, PERMISSIONID, HORIZONTALRESELECTJSURL, CONDITIONID, ISRECEIVETASK, ISROLLBACKSCOPETASK, ISREPORTSELECTED, VRIABLEBEANID, ISRETURNREVOKE, ISRETURN, VERTICALFINISHJSURL, SENDTARGETJSURL, ISSHOWCREATEFORM, ISSHOWBINDINGAFFIX, DEFAULTTITLE, DISTRICTID, REPORTDEFAULTTITLE, ISSUEDDEFAULTTITLE, SENDDEPTDEFAULTTITLE, BUSIPARAMCODE, VERTICALROLLBACKTITLE, ATTRIBUTECONTRO)
values ('FCEAEB0EBF2C4A8F8E08FAAAB1AC3330', '专项设立', 'SPF', '1', '1', 'CZ', '1', null, '1', '4B5233F44CA925DFE0533A06A8C02937', '4B5233F44CA825DFE0533A06A8C02937', '0', '4B5233F44CAC25DFE0533A06A8C02937', '4A1CA405E33868E0E0533A06A8C0699D', '4B5233F44CAE25DFE0533A06A8C02937', '6483E84AFB434D14BECFF22127C00565', '4BB3002043683F04E0533A06A8C00F3A', '0', '1', '1', '1', '4B35BEAAE8291322E0533A06A8C01884', '6483E84AFB434D14BECFF22127C00A00', null, '4CF2D8D5009865DBE0533A06A8C0310F', null, '1', '1', '0', null, '1', '1', '4F4F58D62A6A31C3E0533A06A8C0C92B', '4E478CDCA80F4EE9E0533A06A8C0EE9A', '1', '1', '${SPFNAME}专项资金设立', '2172C1BEE5434E89982ED5F45C8E8859', '${SPFNAME}上报专项', '${SPFNAME}专项下发', '${SPFNAME}发起本单位专项', null, '${SPFNAME}回退专项', '1');

insert into BD_T_BUSITYPE (BUSITYPEID, BUSITYPENAME, SYSTEMID, ISFILEPANEL, ISREVOKE, RETURNLEVEL, ISSTARTVERTICAL, HISAUTH, STATUS, ISSUEDJSURL, REPORTJSURL, ISSELECTED, HORIZONTALJSURL, VERTICALJSURL, HORIZONTALOUTLINEJSURL, VERTICALRETURNJSURL, VERTICALCANCELJSURL, SERVICETEMPTYPE, ISSENDDEPT, ISISSUED, ISREPORT, HORIZONTALSUBJECTJSURL, VERTICALTODOJSURL, PERMISSIONID, HORIZONTALRESELECTJSURL, CONDITIONID, ISRECEIVETASK, ISROLLBACKSCOPETASK, ISREPORTSELECTED, VRIABLEBEANID, ISRETURNREVOKE, ISRETURN, VERTICALFINISHJSURL, SENDTARGETJSURL, ISSHOWCREATEFORM, ISSHOWBINDINGAFFIX, DEFAULTTITLE, DISTRICTID, REPORTDEFAULTTITLE, ISSUEDDEFAULTTITLE, SENDDEPTDEFAULTTITLE, BUSIPARAMCODE, VERTICALROLLBACKTITLE, ATTRIBUTECONTRO)
values ('EB0C57EE5D1B411883EAC3D224DF56ED', '项目申报', 'SPF', '1', '1', 'CZ', '1', null, '1', '4B5233F44CAB25DFE0533A06A8C02937', '4B5233F44CAA25DFE0533A06A8C02937', '0', '4B5233F44CAD25DFE0533A06A8C02937', '4A1CA405E33A68E0E0533A06A8C0699D', '4B5233F44CAF25DFE0533A06A8C02937', '6483E84AFB434D14BECFF22127C00A66', '4A1CA405E33A68E0E0533A06A8C0689D', '0', '1', '0', '1', '4B35BEAAE82A1322E0533A06A8C01884', '6483E84AFB434D14BECFF22127C00A22', null, '4D915AD388230EB2E0533A06A8C0D0D6', null, '0', '1', '0', null, '1', '1', '4F4F58D62A6B31C3E0533A06A8C0C92B', '4E378CDCA80E4EE9E0533A06A8C0EE9A', '1', '1', '${PROJNAME}项目申报', '2172C1BEE5434E89982ED5F45C8E8859', '${PROJNAME}项目上报', null, '${PROJNAME}发起本单位项目', null, '${PROJNAME}项目回退', '1');

insert into BD_T_BUSITYPE (BUSITYPEID, BUSITYPENAME, SYSTEMID, ISFILEPANEL, ISREVOKE, RETURNLEVEL, ISSTARTVERTICAL, HISAUTH, STATUS, ISSUEDJSURL, REPORTJSURL, ISSELECTED, HORIZONTALJSURL, VERTICALJSURL, HORIZONTALOUTLINEJSURL, VERTICALRETURNJSURL, VERTICALCANCELJSURL, SERVICETEMPTYPE, ISSENDDEPT, ISISSUED, ISREPORT, HORIZONTALSUBJECTJSURL, VERTICALTODOJSURL, PERMISSIONID, HORIZONTALRESELECTJSURL, CONDITIONID, ISRECEIVETASK, ISROLLBACKSCOPETASK, ISREPORTSELECTED, VRIABLEBEANID, ISRETURNREVOKE, ISRETURN, VERTICALFINISHJSURL, SENDTARGETJSURL, ISSHOWCREATEFORM, ISSHOWBINDINGAFFIX, DEFAULTTITLE, DISTRICTID, REPORTDEFAULTTITLE, ISSUEDDEFAULTTITLE, SENDDEPTDEFAULTTITLE, BUSIPARAMCODE, VERTICALROLLBACKTITLE, ATTRIBUTECONTRO)
values ('D9BDA90F434D4364830D37A4A1B12C3A', '二级项目申报', 'SPF', '1', '0', 'CZ', '0', null, '1', '4B5233F44CAB25DFE0533A06A8C02937', '4B5233F44CAA25DFE0533A06A8C02937', '0', '4B5233F44CAD25DFE0533A06A8C02937', '4A1CA405E33968E0E0533A06A8C0699D', '4B5233F44CAF25DFE0533A06A8C02937', '6483E84AFB434D14BECFF22127C00A66', '4A1CA405E33A68E0E0533A06A8C0689D', '0', '1', '1', '1', '4B35BEAAE82A1322E0533A06A8C01884', '6483E84AFB434D14BECFF22127C00A22', null, '4D915AD388230EB2E0533A06A8C0D0D6', null, '0', '1', '0', null, '1', '1', '4F4F58D62A6931C3E0533A06A8C0C92B', '4E678CDCA80F4EE9E0533A06A8C0EE9A', '1', null, '${PROJNAME}拟稿二级项目', '2172C1BEE5434E89982ED5F45C8E8859', '${PROJNAME}上报二级项目', '${PROJNAME}下发二级项目', '${PROJNAME}发送本单位二级项目', null, '${PROJNAME}二级回退', '1');

insert into BD_T_BUSITYPE (BUSITYPEID, BUSITYPENAME, SYSTEMID, ISFILEPANEL, ISREVOKE, RETURNLEVEL, ISSTARTVERTICAL, HISAUTH, STATUS, ISSUEDJSURL, REPORTJSURL, ISSELECTED, HORIZONTALJSURL, VERTICALJSURL, HORIZONTALOUTLINEJSURL, VERTICALRETURNJSURL, VERTICALCANCELJSURL, SERVICETEMPTYPE, ISSENDDEPT, ISISSUED, ISREPORT, HORIZONTALSUBJECTJSURL, VERTICALTODOJSURL, PERMISSIONID, HORIZONTALRESELECTJSURL, CONDITIONID, ISRECEIVETASK, ISROLLBACKSCOPETASK, ISREPORTSELECTED, VRIABLEBEANID, ISRETURNREVOKE, ISRETURN, VERTICALFINISHJSURL, SENDTARGETJSURL, ISSHOWCREATEFORM, ISSHOWBINDINGAFFIX, DEFAULTTITLE, DISTRICTID, REPORTDEFAULTTITLE, ISSUEDDEFAULTTITLE, SENDDEPTDEFAULTTITLE, BUSIPARAMCODE, VERTICALROLLBACKTITLE, ATTRIBUTECONTRO)
values ('5AD17E073B774E0998F2205566FCFF6D', '一级项目设立', 'SPF', '1', '1', 'CZ', '0', null, '1', '4B5233F44CA925DFE0533A06A8C02937', '4B5233F44CA825DFE0533A06A8C02937', '0', '4B5233F44CAC25DFE0533A06A8C02937', '4A1CA405E33768E0E0533A06A8C0699D', '4B5233F44CAE25DFE0533A06A8C02937', '6483E84AFB434D14BECFF22127C00565', '4BB3002043683F04E0533A06A8C00F3A', '0', '1', '1', '1', '4B35BEAAE8291322E0533A06A8C01884', '6483E84AFB434D14BECFF22127C00A00', null, '4CF2D8D5009865DBE0533A06A8C0310F', null, '0', '1', '0', null, '1', '1', '4F4F58D62A6831C3E0533A06A8C0C92B', '4E578CDCA80F4EE9E0533A06A8C0EE9A', null, null, '${SPFNAME}拟稿一级项目', '2172C1BEE5434E89982ED5F45C8E8859', '${SPFNAME}上报一级项目', '${SPFNAME}下发一级项目', '${SPFNAME}发送本单位', null, '${SPFNAME}一级回退', '1');

insert into BD_T_BUSITYPE (BUSITYPEID, BUSITYPENAME, SYSTEMID, ISFILEPANEL, ISREVOKE, RETURNLEVEL, ISSTARTVERTICAL, HISAUTH, STATUS, ISSUEDJSURL, REPORTJSURL, ISSELECTED, HORIZONTALJSURL, VERTICALJSURL, HORIZONTALOUTLINEJSURL, VERTICALRETURNJSURL, VERTICALCANCELJSURL, SERVICETEMPTYPE, ISSENDDEPT, ISISSUED, ISREPORT, HORIZONTALSUBJECTJSURL, VERTICALTODOJSURL, PERMISSIONID, HORIZONTALRESELECTJSURL, CONDITIONID, ISRECEIVETASK, ISROLLBACKSCOPETASK, ISREPORTSELECTED, VRIABLEBEANID, ISRETURNREVOKE, ISRETURN, VERTICALFINISHJSURL, SENDTARGETJSURL, ISSHOWCREATEFORM, ISSHOWBINDINGAFFIX, DEFAULTTITLE, DISTRICTID, REPORTDEFAULTTITLE, ISSUEDDEFAULTTITLE, SENDDEPTDEFAULTTITLE, BUSIPARAMCODE, VERTICALROLLBACKTITLE, ATTRIBUTECONTRO)
values ('14F04DE6CF7743EF90DB6E2AAEEC2A86', '专项调整', 'SPF', '1', '1', 'CZ', '1', null, '1', '4B5233F44CA925DFE0533A06A8C02937', '4B5233F44CA825DFE0533A06A8C02937', '1', '4B5233F44CAC25DFE0533A06A8C02937', '4A1CA405E33868E0E0533A06A8C0699D', '4B5233F44CAE25DFE0533A06A8C02937', '6483E84AFB434D14BECFF22127C00565', '4BB3002043683F04E0533A06A8C00F3A', '0', '1', '1', '1', '4B35BEAAE8291322E0533A06A8C01884', '6483E84AFB434D14BECFF22127C00A00', '1', '4CF2D8D5009865DBE0533A06A8C0310F', null, '1', '1', '1', null, '1', '1', '4F4F58D62A6A31C3E0533A06A8C0C92B', '4E378CDCA80E4EE9E0533A06A8C0EE9A', '1', '1', '${SPFNAME}专项调整', '2172C1BEE5434E89982ED5F45C8E8859', '${SPFNAME}专项调整上报', '${SPFNAME}专项调整下发', '${SPFNAME}调整发送横向', null, null, '0');

insert into BD_T_BUSITYPE (BUSITYPEID, BUSITYPENAME, SYSTEMID, ISFILEPANEL, ISREVOKE, RETURNLEVEL, ISSTARTVERTICAL, HISAUTH, STATUS, ISSUEDJSURL, REPORTJSURL, ISSELECTED, HORIZONTALJSURL, VERTICALJSURL, HORIZONTALOUTLINEJSURL, VERTICALRETURNJSURL, VERTICALCANCELJSURL, SERVICETEMPTYPE, ISSENDDEPT, ISISSUED, ISREPORT, HORIZONTALSUBJECTJSURL, VERTICALTODOJSURL, PERMISSIONID, HORIZONTALRESELECTJSURL, CONDITIONID, ISRECEIVETASK, ISROLLBACKSCOPETASK, ISREPORTSELECTED, VRIABLEBEANID, ISRETURNREVOKE, ISRETURN, VERTICALFINISHJSURL, SENDTARGETJSURL, ISSHOWCREATEFORM, ISSHOWBINDINGAFFIX, DEFAULTTITLE, DISTRICTID, REPORTDEFAULTTITLE, ISSUEDDEFAULTTITLE, SENDDEPTDEFAULTTITLE, BUSIPARAMCODE, VERTICALROLLBACKTITLE, ATTRIBUTECONTRO)
values ('D839126B0AF544C288ABFE0BBB5A74C2', '项目调整', 'SPF', '1', '1', 'CZ', '1', null, '1', '4B5233F44CAB25DFE0533A06A8C02937', '4B5233F44CAA25DFE0533A06A8C02937', '1', '4B5233F44CAD25DFE0533A06A8C02937', '4A1CA405E33A68E0E0533A06A8C0699D', '4B5233F44CAF25DFE0533A06A8C02937', '6483E84AFB434D14BECFF22127C00A66', '4A1CA405E33A68E0E0533A06A8C0689D', '0', '1', '1', '1', '4B35BEAAE82A1322E0533A06A8C01884', '6483E84AFB434D14BECFF22127C00A22', '1', '4D915AD388230EB2E0533A06A8C0D0D6', null, '1', '1', '1', null, '1', '1', '4F4F58D62A6B31C3E0533A06A8C0C92B', '4E378CDCA80E4EE9E0533A06A8C0EE9A', '1', '1', '${PROJNAME}项目调整', '2172C1BEE5434E89982ED5F45C8E8859', '${PROJNAME}项目调整上报', null, '${PROJNAME}项目调整发送横向', null, null, '0');

DELETE FROM BD_T_BUSIBPMNTYPE WHERE BUSITYPEID IN('D839126B0AF544C288ABFE0BBB5A74C2','14F04DE6CF7743EF90DB6E2AAEEC2A86','5AD17E073B774E0998F2205566FCFF6D','D9BDA90F434D4364830D37A4A1B12C3A','EB0C57EE5D1B411883EAC3D224DF56ED','FCEAEB0EBF2C4A8F8E08FAAAB1AC3330','D9BDA90F434D4364830D37A4A1B16548','14F04DE6CF7743EF90DB6E2AAEEC6545');
insert into BD_T_BUSIBPMNTYPE (DATAKEY, BUSITYPEID, LEVELID, ISREPORTAUTOOPEN, ISISSUEDAUTOOPEN, STATUS)
values ('50BB798295A80281E0533906A8C08D0B', '5AD17E073B774E0998F2205566FCFF6D', '1622AB901C7F41EA92ADB6E1CBBF2F49', '1', '1', '1');

insert into BD_T_BUSIBPMNTYPE (DATAKEY, BUSITYPEID, LEVELID, ISREPORTAUTOOPEN, ISISSUEDAUTOOPEN, STATUS)
values ('50BB798295A90281E0533906A8C08D0B', '5AD17E073B774E0998F2205566FCFF6D', '4D9B1957A74143C593576D18DF9FF4C3', '1', '1', '1');

insert into BD_T_BUSIBPMNTYPE (DATAKEY, BUSITYPEID, LEVELID, ISREPORTAUTOOPEN, ISISSUEDAUTOOPEN, STATUS)
values ('50BB798295AA0281E0533906A8C08D0B', '5AD17E073B774E0998F2205566FCFF6D', 'b7b0deb9bd3943b9a7d2beecfef77546', '1', '1', '1');

insert into BD_T_BUSIBPMNTYPE (DATAKEY, BUSITYPEID, LEVELID, ISREPORTAUTOOPEN, ISISSUEDAUTOOPEN, STATUS)
values ('50BB798295AB0281E0533906A8C08D0B', 'D9BDA90F434D4364830D37A4A1B12C3A', '1622AB901C7F41EA92ADB6E1CBBF2F49', '1', '1', '1');

insert into BD_T_BUSIBPMNTYPE (DATAKEY, BUSITYPEID, LEVELID, ISREPORTAUTOOPEN, ISISSUEDAUTOOPEN, STATUS)
values ('50BB798295AC0281E0533906A8C08D0B', 'D9BDA90F434D4364830D37A4A1B12C3A', '4D9B1957A74143C593576D18DF9FF4C3', '1', '1', '1');

insert into BD_T_BUSIBPMNTYPE (DATAKEY, BUSITYPEID, LEVELID, ISREPORTAUTOOPEN, ISISSUEDAUTOOPEN, STATUS)
values ('50BB798295AD0281E0533906A8C08D0B', 'D9BDA90F434D4364830D37A4A1B12C3A', 'b7b0deb9bd3943b9a7d2beecfef77546', '1', '1', '1');

insert into BD_T_BUSIBPMNTYPE (DATAKEY, BUSITYPEID, LEVELID, ISREPORTAUTOOPEN, ISISSUEDAUTOOPEN, STATUS)
values ('50BB38ACCF750285E0533906A8C0B800', 'FCEAEB0EBF2C4A8F8E08FAAAB1AC3330', 'b7b0deb9bd3943b9a7d2beecfef77546', '0', '0', '1');

insert into BD_T_BUSIBPMNTYPE (DATAKEY, BUSITYPEID, LEVELID, ISREPORTAUTOOPEN, ISISSUEDAUTOOPEN, STATUS)
values ('50BB38ACCF760285E0533906A8C0B800', 'FCEAEB0EBF2C4A8F8E08FAAAB1AC3330', '4D9B1957A74143C593576D18DF9FF4C3', '1', '1', '1');

insert into BD_T_BUSIBPMNTYPE (DATAKEY, BUSITYPEID, LEVELID, ISREPORTAUTOOPEN, ISISSUEDAUTOOPEN, STATUS)
values ('50BB38ACCF770285E0533906A8C0B800', 'FCEAEB0EBF2C4A8F8E08FAAAB1AC3330', '1622AB901C7F41EA92ADB6E1CBBF2F49', '0', '0', '1');

insert into BD_T_BUSIBPMNTYPE (DATAKEY, BUSITYPEID, LEVELID, ISREPORTAUTOOPEN, ISISSUEDAUTOOPEN, STATUS)
values ('50BB38ACCFAF0285E0533906A8C0B800', 'EB0C57EE5D1B411883EAC3D224DF56ED', 'b7b0deb9bd3943b9a7d2beecfef77546', '0', '0', '1');

insert into BD_T_BUSIBPMNTYPE (DATAKEY, BUSITYPEID, LEVELID, ISREPORTAUTOOPEN, ISISSUEDAUTOOPEN, STATUS)
values ('50BB38ACCFB00285E0533906A8C0B800', 'EB0C57EE5D1B411883EAC3D224DF56ED', '4D9B1957A74143C593576D18DF9FF4C3', '1', '1', '1');

insert into BD_T_BUSIBPMNTYPE (DATAKEY, BUSITYPEID, LEVELID, ISREPORTAUTOOPEN, ISISSUEDAUTOOPEN, STATUS)
values ('50BB38ACCFB10285E0533906A8C0B800', 'EB0C57EE5D1B411883EAC3D224DF56ED', '1622AB901C7F41EA92ADB6E1CBBF2F49', '1', '1', '1');

insert into BD_T_BUSIBPMNTYPE (DATAKEY, BUSITYPEID, LEVELID, ISREPORTAUTOOPEN, ISISSUEDAUTOOPEN, STATUS)
values ('4E864BA8286C2B1FE0533906A8C08922', 'D9BDA90F434D4364830D37A4A1B16548', 'b7b0deb9bd3943b9a7d2beecfef77546', '1', '1', '1');

insert into BD_T_BUSIBPMNTYPE (DATAKEY, BUSITYPEID, LEVELID, ISREPORTAUTOOPEN, ISISSUEDAUTOOPEN, STATUS)
values ('4E864BA8286D2B1FE0533906A8C08111', 'D9BDA90F434D4364830D37A4A1B16548', '4D9B1957A74143C593576D18DF9FF4C3', '1', '1', '1');

insert into BD_T_BUSIBPMNTYPE (DATAKEY, BUSITYPEID, LEVELID, ISREPORTAUTOOPEN, ISISSUEDAUTOOPEN, STATUS)
values ('4EFB57C17C120B3BE0533906A8C0D283', 'FCEAEB0EBF2C4A8F8E08FAAAB1AC3330', 'b7b0deb9bd3943b9a7d2beecfef77546', '1', '1', '1');

insert into BD_T_BUSIBPMNTYPE (DATAKEY, BUSITYPEID, LEVELID, ISREPORTAUTOOPEN, ISISSUEDAUTOOPEN, STATUS)
values ('4EFB57C17C130B3BE0533906A8C0D283', 'FCEAEB0EBF2C4A8F8E08FAAAB1AC3330', '1622AB901C7F41EA92ADB6E1CBBF2F49', '1', '1', '1');

insert into BD_T_BUSIBPMNTYPE (DATAKEY, BUSITYPEID, LEVELID, ISREPORTAUTOOPEN, ISISSUEDAUTOOPEN, STATUS)
values ('4EFB57C17C140B3BE0533906A8C0D283', 'FCEAEB0EBF2C4A8F8E08FAAAB1AC3330', '4D9B1957A74143C593576D18DF9FF4C3', '1', '1', '1');

insert into BD_T_BUSIBPMNTYPE (DATAKEY, BUSITYPEID, LEVELID, ISREPORTAUTOOPEN, ISISSUEDAUTOOPEN, STATUS)
values ('4EFB57C17C150B3BE0533906A8C0D283', 'EB0C57EE5D1B411883EAC3D224DF56ED', 'b7b0deb9bd3943b9a7d2beecfef77546', '1', '1', '1');

insert into BD_T_BUSIBPMNTYPE (DATAKEY, BUSITYPEID, LEVELID, ISREPORTAUTOOPEN, ISISSUEDAUTOOPEN, STATUS)
values ('4EFB57C17C160B3BE0533906A8C0D283', 'EB0C57EE5D1B411883EAC3D224DF56ED', '1622AB901C7F41EA92ADB6E1CBBF2F49', '1', '1', '1');

insert into BD_T_BUSIBPMNTYPE (DATAKEY, BUSITYPEID, LEVELID, ISREPORTAUTOOPEN, ISISSUEDAUTOOPEN, STATUS)
values ('4EFB57C17C170B3BE0533906A8C0D283', 'EB0C57EE5D1B411883EAC3D224DF56ED', '4D9B1957A74143C593576D18DF9FF4C3', '1', '1', '1');

insert into BD_T_BUSIBPMNTYPE (DATAKEY, BUSITYPEID, LEVELID, ISREPORTAUTOOPEN, ISISSUEDAUTOOPEN, STATUS)
values ('506882DDA600259AE0533906A8C0F014', '5AD17E073B774E0998F2205566FCFF6D', 'b7b0deb9bd3943b9a7d2beecfef77546', '1', '0', '1');

insert into BD_T_BUSIBPMNTYPE (DATAKEY, BUSITYPEID, LEVELID, ISREPORTAUTOOPEN, ISISSUEDAUTOOPEN, STATUS)
values ('4E864BA828692B1FE0533906A8C08966', '5AD17E073B774E0998F2205566FCFF6D', '1622AB901C7F41EA92ADB6E1CBBF2F49', '1', '1', '1');

insert into BD_T_BUSIBPMNTYPE (DATAKEY, BUSITYPEID, LEVELID, ISREPORTAUTOOPEN, ISISSUEDAUTOOPEN, STATUS)
values ('4E864BA8286A2B1FE0533906A8C08966', '5AD17E073B774E0998F2205566FCFF6D', '4D9B1957A74143C593576D18DF9FF4C3', '1', '1', '1');

insert into BD_T_BUSIBPMNTYPE (DATAKEY, BUSITYPEID, LEVELID, ISREPORTAUTOOPEN, ISISSUEDAUTOOPEN, STATUS)
values ('4E864BA8286B2B1FE0533906A8C08966', 'D9BDA90F434D4364830D37A4A1B12C3A', '1622AB901C7F41EA92ADB6E1CBBF2F49', '1', '1', '1');

insert into BD_T_BUSIBPMNTYPE (DATAKEY, BUSITYPEID, LEVELID, ISREPORTAUTOOPEN, ISISSUEDAUTOOPEN, STATUS)
values ('4E864BA8286C2B1FE0533906A8C08966', 'D9BDA90F434D4364830D37A4A1B12C3A', 'b7b0deb9bd3943b9a7d2beecfef77546', '1', '1', '1');

insert into BD_T_BUSIBPMNTYPE (DATAKEY, BUSITYPEID, LEVELID, ISREPORTAUTOOPEN, ISISSUEDAUTOOPEN, STATUS)
values ('4E864BA8286D2B1FE0533906A8C08966', 'D9BDA90F434D4364830D37A4A1B12C3A', '4D9B1957A74143C593576D18DF9FF4C3', '1', '1', '1');

DELETE FROM BD_T_BUSITYPEHANDLE WHERE BUSITYPEID IN('D839126B0AF544C288ABFE0BBB5A74C2','14F04DE6CF7743EF90DB6E2AAEEC2A86','5AD17E073B774E0998F2205566FCFF6D','D9BDA90F434D4364830D37A4A1B12C3A','EB0C57EE5D1B411883EAC3D224DF56ED','FCEAEB0EBF2C4A8F8E08FAAAB1AC3330','D9BDA90F434D4364830D37A4A1B16548','14F04DE6CF7743EF90DB6E2AAEEC6545');
insert into BD_T_BUSITYPEHANDLE (DATAKEY, BUSITYPEID, HANDLETYPE, HANDLEBEAN, STATUS)
values ('4D7FBB216A3770ADE0533A06A8C0D0B3', 'D9BDA90F434D4364830D37A4A1B12C3A', '2', '4CDFACE994685824E0533A06A8C0CA69', '1');

insert into BD_T_BUSITYPEHANDLE (DATAKEY, BUSITYPEID, HANDLETYPE, HANDLEBEAN, STATUS)
values ('4D7FBB216A3870ADE0533A06A8C0D0B3', 'D9BDA90F434D4364830D37A4A1B12C3A', '6', '4CDFACE994955824E0533A06A8C0CA69', '1');

insert into BD_T_BUSITYPEHANDLE (DATAKEY, BUSITYPEID, HANDLETYPE, HANDLEBEAN, STATUS)
values ('4D7FBB216A3970ADE0533A06A8C0D0B3', 'D9BDA90F434D4364830D37A4A1B12C3A', '7', '4CDFACE994965824E0533A06A8C0CA69', '1');

insert into BD_T_BUSITYPEHANDLE (DATAKEY, BUSITYPEID, HANDLETYPE, HANDLEBEAN, STATUS)
values ('4D7FBB216A3A70ADE0533A06A8C0D0B3', 'D9BDA90F434D4364830D37A4A1B12C3A', '8', '4CDFACE994975824E0533A06A8C0CA69', '1');

insert into BD_T_BUSITYPEHANDLE (DATAKEY, BUSITYPEID, HANDLETYPE, HANDLEBEAN, STATUS)
values ('506C08C72AE63B22E0533906A8C0ACF3', '5AD17E073B774E0998F2205566FCFF6D', '25', '506BF8A163673A38E0533906A8C04658', '1');

insert into BD_T_BUSITYPEHANDLE (DATAKEY, BUSITYPEID, HANDLETYPE, HANDLEBEAN, STATUS)
values ('4F4E652EB65060CFE0533906A8C0025B', 'FCEAEB0EBF2C4A8F8E08FAAAB1AC3330', '19', '4FDC7D92CFA93641E0533A06A8C0F682', '1');

insert into BD_T_BUSITYPEHANDLE (DATAKEY, BUSITYPEID, HANDLETYPE, HANDLEBEAN, STATUS)
values ('4F4E652EB65160CFE0533906A8C0025B', 'FCEAEB0EBF2C4A8F8E08FAAAB1AC3330', '20', '4FDC7D92CFAB3641E0533A06A8C0F682', '1');

insert into BD_T_BUSITYPEHANDLE (DATAKEY, BUSITYPEID, HANDLETYPE, HANDLEBEAN, STATUS)
values ('4F4E652EB65260CFE0533906A8C0025B', 'FCEAEB0EBF2C4A8F8E08FAAAB1AC3330', '18', '4FDC7D92CFA83641E0533A06A8C0F682', '1');

insert into BD_T_BUSITYPEHANDLE (DATAKEY, BUSITYPEID, HANDLETYPE, HANDLEBEAN, STATUS)
values ('4F8BA7F46B7D52E1E0533906A8C01FFF', '5AD17E073B774E0998F2205566FCFF6D', '17', '4CDFACE9946F5824E0533A06A8C12398', '1');

insert into BD_T_BUSITYPEHANDLE (DATAKEY, BUSITYPEID, HANDLETYPE, HANDLEBEAN, STATUS)
values ('4FA189293284362AE0533906A8C051D1', 'EB0C57EE5D1B411883EAC3D224DF56ED', '17', '4CDFACE9946F5824E0533A06A8C12398', '1');

insert into BD_T_BUSITYPEHANDLE (DATAKEY, BUSITYPEID, HANDLETYPE, HANDLEBEAN, STATUS)
values ('506BCC559FA639C0E0533906A8C0C729', 'D9BDA90F434D4364830D37A4A1B12C3A', '25', '506BF8A163673A38E0533906A8C04658', '1');

insert into BD_T_BUSITYPEHANDLE (DATAKEY, BUSITYPEID, HANDLETYPE, HANDLEBEAN, STATUS)
values ('4FA1D9D8C9633773E0533906A8C0D9BE', 'FCEAEB0EBF2C4A8F8E08FAAAB1AC3330', '17', '4CDFACE9946F5824E0533A06A8C12398', '1');

insert into BD_T_BUSITYPEHANDLE (DATAKEY, BUSITYPEID, HANDLETYPE, HANDLEBEAN, STATUS)
values ('4F4C650075ED5711E0533906A8C0DEFE', 'D9BDA90F434D4364830D37A4A1B12C3A', '19', '4FDC7D92CFA93641E0533A06A8C0F682', '1');

insert into BD_T_BUSITYPEHANDLE (DATAKEY, BUSITYPEID, HANDLETYPE, HANDLEBEAN, STATUS)
values ('4F4C650075EE5711E0533906A8C0DEFE', 'D9BDA90F434D4364830D37A4A1B12C3A', '20', '4FDC7D92CFAB3641E0533A06A8C0F682', '1');

insert into BD_T_BUSITYPEHANDLE (DATAKEY, BUSITYPEID, HANDLETYPE, HANDLEBEAN, STATUS)
values ('4F4C650075EF5711E0533906A8C0DEFE', 'D9BDA90F434D4364830D37A4A1B12C3A', '18', '4FDC7D92CFA83641E0533A06A8C0F682', '1');

insert into BD_T_BUSITYPEHANDLE (DATAKEY, BUSITYPEID, HANDLETYPE, HANDLEBEAN, STATUS)
values ('4F4C669D61505822E0533906A8C0E7E4', '5AD17E073B774E0998F2205566FCFF6D', '19', '4FDC7D92CFA93641E0533A06A8C0F682', '1');

insert into BD_T_BUSITYPEHANDLE (DATAKEY, BUSITYPEID, HANDLETYPE, HANDLEBEAN, STATUS)
values ('4F4C669D61515822E0533906A8C0E7E4', '5AD17E073B774E0998F2205566FCFF6D', '20', '4FDC7D92CFAB3641E0533A06A8C0F682', '1');

insert into BD_T_BUSITYPEHANDLE (DATAKEY, BUSITYPEID, HANDLETYPE, HANDLEBEAN, STATUS)
values ('4F4C669D61525822E0533906A8C0E7E4', '5AD17E073B774E0998F2205566FCFF6D', '18', '4FDC7D92CFA83641E0533A06A8C0F682', '1');

insert into BD_T_BUSITYPEHANDLE (DATAKEY, BUSITYPEID, HANDLETYPE, HANDLEBEAN, STATUS)
values ('4F4E50B4D354604CE0533906A8C0ED87', 'EB0C57EE5D1B411883EAC3D224DF56ED', '19', '4FDC7D92CFA93641E0533A06A8C0F682', '1');

insert into BD_T_BUSITYPEHANDLE (DATAKEY, BUSITYPEID, HANDLETYPE, HANDLEBEAN, STATUS)
values ('4F4E50B4D355604CE0533906A8C0ED87', 'EB0C57EE5D1B411883EAC3D224DF56ED', '20', '4FDC7D92CFAB3641E0533A06A8C0F682', '1');

insert into BD_T_BUSITYPEHANDLE (DATAKEY, BUSITYPEID, HANDLETYPE, HANDLEBEAN, STATUS)
values ('4F4E50B4D356604CE0533906A8C0ED87', 'EB0C57EE5D1B411883EAC3D224DF56ED', '18', '4FDC7D92CFA83641E0533A06A8C0F682', '1');

insert into BD_T_BUSITYPEHANDLE (DATAKEY, BUSITYPEID, HANDLETYPE, HANDLEBEAN, STATUS)
values ('4FD7BDB7B0922A1AE0533906A8C0931D', 'D9BDA90F434D4364830D37A4A1B12C3A', '17', '4CDFACE9946F5824E0533A06A8C12398', '1');

insert into BD_T_BUSITYPEHANDLE (DATAKEY, BUSITYPEID, HANDLETYPE, HANDLEBEAN, STATUS)
values ('502B98EF1C7D0259E0533906A8C03432', '14F04DE6CF7743EF90DB6E2AAEEC2A86', '17', '4CDFACE9946F5824E0533A06A8C12398', '1');

insert into BD_T_BUSITYPEHANDLE (DATAKEY, BUSITYPEID, HANDLETYPE, HANDLEBEAN, STATUS)
values ('502B98EF1C7E0259E0533906A8C03432', 'D839126B0AF544C288ABFE0BBB5A74C2', '17', '4CDFACE9946F5824E0533A06A8C12398', '1');

insert into BD_T_BUSITYPEHANDLE (DATAKEY, BUSITYPEID, HANDLETYPE, HANDLEBEAN, STATUS)
values ('5028C4A27BC47316E0533906A8C07AE4', '14F04DE6CF7743EF90DB6E2AAEEC2A86', '19', '4FDC7D92CFA93641E0533A06A8C0F682', '1');

insert into BD_T_BUSITYPEHANDLE (DATAKEY, BUSITYPEID, HANDLETYPE, HANDLEBEAN, STATUS)
values ('5028C4A27BC57316E0533906A8C07AE4', '14F04DE6CF7743EF90DB6E2AAEEC2A86', '20', '4FDC7D92CFAB3641E0533A06A8C0F682', '1');

insert into BD_T_BUSITYPEHANDLE (DATAKEY, BUSITYPEID, HANDLETYPE, HANDLEBEAN, STATUS)
values ('5028C4A27BC67316E0533906A8C07AE4', '14F04DE6CF7743EF90DB6E2AAEEC2A86', '18', '4FDC7D92CFA83641E0533A06A8C0F682', '1');

insert into BD_T_BUSITYPEHANDLE (DATAKEY, BUSITYPEID, HANDLETYPE, HANDLEBEAN, STATUS)
values ('5028B01942C77310E0533906A8C0484A', 'D839126B0AF544C288ABFE0BBB5A74C2', '19', '4FDC7D92CFA93641E0533A06A8C0F682', '1');

insert into BD_T_BUSITYPEHANDLE (DATAKEY, BUSITYPEID, HANDLETYPE, HANDLEBEAN, STATUS)
values ('5028B01942C87310E0533906A8C0484A', 'D839126B0AF544C288ABFE0BBB5A74C2', '20', '4FDC7D92CFAB3641E0533A06A8C0F682', '1');

insert into BD_T_BUSITYPEHANDLE (DATAKEY, BUSITYPEID, HANDLETYPE, HANDLEBEAN, STATUS)
values ('5028B01942C97310E0533906A8C0484A', 'D839126B0AF544C288ABFE0BBB5A74C2', '18', '4FDC7D92CFA83641E0533A06A8C0F682', '1');

insert into BD_T_BUSITYPEHANDLE (DATAKEY, BUSITYPEID, HANDLETYPE, HANDLEBEAN, STATUS)
values ('5028B01942C87310E0533906A8C04211', 'D9BDA90F434D4364830D37A4A1B16548', '20', '4FDC7D92CFAB3641E0533A06A8C0F682', '1');

insert into BD_T_BUSITYPEHANDLE (DATAKEY, BUSITYPEID, HANDLETYPE, HANDLEBEAN, STATUS)
values ('5028B01942C97310E0533906A8C03211', 'D9BDA90F434D4364830D37A4A1B16548', '18', '4FDC7D92CFA83641E0533A06A8C0F682', '1');

insert into BD_T_BUSITYPEHANDLE (DATAKEY, BUSITYPEID, HANDLETYPE, HANDLEBEAN, STATUS)
values ('50C9C6377D783F2CE0533906A8C0451A', 'EB0C57EE5D1B411883EAC3D224DF56ED', '25', '506BF8A163673A38E0533906A8C04658', '1');

insert into BD_T_BUSITYPEHANDLE (DATAKEY, BUSITYPEID, HANDLETYPE, HANDLEBEAN, STATUS)
values ('4DE17641498060C3E0533A06A8C0B100', 'FCEAEB0EBF2C4A8F8E08FAAAB1AC3330', '3', '4CDFACE994655824E0533A06A8C0CA69', '1');

insert into BD_T_BUSITYPEHANDLE (DATAKEY, BUSITYPEID, HANDLETYPE, HANDLEBEAN, STATUS)
values ('4DE17641498260C3E0533A06A8C0B100', 'FCEAEB0EBF2C4A8F8E08FAAAB1AC3330', '1', '4CDFACE994625824E0533A06A8C0CA69', '1');

insert into BD_T_BUSITYPEHANDLE (DATAKEY, BUSITYPEID, HANDLETYPE, HANDLEBEAN, STATUS)
values ('4DE17641498460C3E0533A06A8C0B100', 'FCEAEB0EBF2C4A8F8E08FAAAB1AC3330', '11', '4CDFACE9948A5824E0533A06A8C0CA69', '1');

insert into BD_T_BUSITYPEHANDLE (DATAKEY, BUSITYPEID, HANDLETYPE, HANDLEBEAN, STATUS)
values ('4DE17641498560C3E0533A06A8C0B100', 'FCEAEB0EBF2C4A8F8E08FAAAB1AC3330', '10', '4CDFACE994835824E0533A06A8C0CA69', '1');

insert into BD_T_BUSITYPEHANDLE (DATAKEY, BUSITYPEID, HANDLETYPE, HANDLEBEAN, STATUS)
values ('4DE17641498660C3E0533A06A8C0B100', 'FCEAEB0EBF2C4A8F8E08FAAAB1AC3330', '9', '4CDFACE9948B5824E0533A06A8C0CA69', '1');

insert into BD_T_BUSITYPEHANDLE (DATAKEY, BUSITYPEID, HANDLETYPE, HANDLEBEAN, STATUS)
values ('4DE17641498760C3E0533A06A8C0B100', 'FCEAEB0EBF2C4A8F8E08FAAAB1AC3330', '13', '4CF0640211104F66E0533A06A8C0BBD6', '1');

insert into BD_T_BUSITYPEHANDLE (DATAKEY, BUSITYPEID, HANDLETYPE, HANDLEBEAN, STATUS)
values ('4DE17641498860C3E0533A06A8C0B100', 'FCEAEB0EBF2C4A8F8E08FAAAB1AC3330', '12', '4CDFACE994605824E0533A06A8C0CA69', '1');

insert into BD_T_BUSITYPEHANDLE (DATAKEY, BUSITYPEID, HANDLETYPE, HANDLEBEAN, STATUS)
values ('4DE17641498960C3E0533A06A8C0B100', 'FCEAEB0EBF2C4A8F8E08FAAAB1AC3330', '6', '4CDFACE994955824E0533A06A8C0CA69', '1');

insert into BD_T_BUSITYPEHANDLE (DATAKEY, BUSITYPEID, HANDLETYPE, HANDLEBEAN, STATUS)
values ('4DE17641498A60C3E0533A06A8C0B100', 'FCEAEB0EBF2C4A8F8E08FAAAB1AC3330', '7', '4CDFACE994965824E0533A06A8C0CA69', '1');

insert into BD_T_BUSITYPEHANDLE (DATAKEY, BUSITYPEID, HANDLETYPE, HANDLEBEAN, STATUS)
values ('4DE17641498B60C3E0533A06A8C0B100', 'FCEAEB0EBF2C4A8F8E08FAAAB1AC3330', '8', '4CDFACE994975824E0533A06A8C0CA69', '1');

insert into BD_T_BUSITYPEHANDLE (DATAKEY, BUSITYPEID, HANDLETYPE, HANDLEBEAN, STATUS)
values ('4DE17641498C60C3E0533A06A8C0B100', 'FCEAEB0EBF2C4A8F8E08FAAAB1AC3330', '5', '4CDFACE994675824E0533A06A8C0CA69', '1');

insert into BD_T_BUSITYPEHANDLE (DATAKEY, BUSITYPEID, HANDLETYPE, HANDLEBEAN, STATUS)
values ('4E81C9326B743238E0533A06A8C004DF', 'FCEAEB0EBF2C4A8F8E08FAAAB1AC3330', '2', '4F283E2CD9296830E0533A06A8C0526D', '1');

insert into BD_T_BUSITYPEHANDLE (DATAKEY, BUSITYPEID, HANDLETYPE, HANDLEBEAN, STATUS)
values ('4DE199B9A9FB62D9E0533A06A8C02A8F', 'EB0C57EE5D1B411883EAC3D224DF56ED', '4', '4CDFACE994665824E0533A06A8C0CA69', '1');

insert into BD_T_BUSITYPEHANDLE (DATAKEY, BUSITYPEID, HANDLETYPE, HANDLEBEAN, STATUS)
values ('4DE199B9A9FD62D9E0533A06A8C02A8F', 'EB0C57EE5D1B411883EAC3D224DF56ED', '2', '4CDFACE994945824E0533A06A8C0CA69', '1');

insert into BD_T_BUSITYPEHANDLE (DATAKEY, BUSITYPEID, HANDLETYPE, HANDLEBEAN, STATUS)
values ('4DE199B9A9FF62D9E0533A06A8C02A8F', 'EB0C57EE5D1B411883EAC3D224DF56ED', '10', '4CDFACE994865824E0533A06A8C0CA69', '1');

insert into BD_T_BUSITYPEHANDLE (DATAKEY, BUSITYPEID, HANDLETYPE, HANDLEBEAN, STATUS)
values ('4DE199B9AA0062D9E0533A06A8C02A8F', 'EB0C57EE5D1B411883EAC3D224DF56ED', '11', '4CDFACE9948A5824E0533A06A8C0CA69', '1');

insert into BD_T_BUSITYPEHANDLE (DATAKEY, BUSITYPEID, HANDLETYPE, HANDLEBEAN, STATUS)
values ('4DE199B9AA0162D9E0533A06A8C02A8F', 'EB0C57EE5D1B411883EAC3D224DF56ED', '9', '4CDFACE994845824E0533A06A8C0CA69', '1');

insert into BD_T_BUSITYPEHANDLE (DATAKEY, BUSITYPEID, HANDLETYPE, HANDLEBEAN, STATUS)
values ('4DE199B9AA0262D9E0533A06A8C02A8F', 'EB0C57EE5D1B411883EAC3D224DF56ED', '13', '4CF0640211104F66E0533A06A8C0BBD6', '1');

insert into BD_T_BUSITYPEHANDLE (DATAKEY, BUSITYPEID, HANDLETYPE, HANDLEBEAN, STATUS)
values ('4DE199B9AA0362D9E0533A06A8C02A8F', 'EB0C57EE5D1B411883EAC3D224DF56ED', '12', '4CDFACE994605824E0533A06A8C0CA69', '1');

insert into BD_T_BUSITYPEHANDLE (DATAKEY, BUSITYPEID, HANDLETYPE, HANDLEBEAN, STATUS)
values ('4DE199B9AA0462D9E0533A06A8C02A8F', 'EB0C57EE5D1B411883EAC3D224DF56ED', '6', '4CDFACE994955824E0533A06A8C0CA69', '1');

insert into BD_T_BUSITYPEHANDLE (DATAKEY, BUSITYPEID, HANDLETYPE, HANDLEBEAN, STATUS)
values ('4DE199B9AA0562D9E0533A06A8C02A8F', 'EB0C57EE5D1B411883EAC3D224DF56ED', '7', '4CDFACE994965824E0533A06A8C0CA69', '1');

insert into BD_T_BUSITYPEHANDLE (DATAKEY, BUSITYPEID, HANDLETYPE, HANDLEBEAN, STATUS)
values ('4DE199B9AA0662D9E0533A06A8C02A8F', 'EB0C57EE5D1B411883EAC3D224DF56ED', '8', '4CDFACE994975824E0533A06A8C0CA69', '1');

insert into BD_T_BUSITYPEHANDLE (DATAKEY, BUSITYPEID, HANDLETYPE, HANDLEBEAN, STATUS)
values ('4DE199B9AA0762D9E0533A06A8C02A8F', 'EB0C57EE5D1B411883EAC3D224DF56ED', '5', '4CDFACE994675824E0533A06A8C0CA69', '1');

insert into BD_T_BUSITYPEHANDLE (DATAKEY, BUSITYPEID, HANDLETYPE, HANDLEBEAN, STATUS)
values ('4D7FBB2169F370ADE0533A06A8C0D0B3', '5AD17E073B774E0998F2205566FCFF6D', '12', '4CDFACE994605824E0533A06A8C0CA69', '1');

insert into BD_T_BUSITYPEHANDLE (DATAKEY, BUSITYPEID, HANDLETYPE, HANDLEBEAN, STATUS)
values ('4D7FDDE69A9B75ADE0533A06A8C0A8ED', '5AD17E073B774E0998F2205566FCFF6D', '3', '4CDFACE994655824E0533A06A8C0CA69', '1');

insert into BD_T_BUSITYPEHANDLE (DATAKEY, BUSITYPEID, HANDLETYPE, HANDLEBEAN, STATUS)
values ('4D7FDDE69A9C75ADE0533A06A8C0A8ED', '5AD17E073B774E0998F2205566FCFF6D', '4', '4CDFACE994665824E0533A06A8C0CA69', '1');

insert into BD_T_BUSITYPEHANDLE (DATAKEY, BUSITYPEID, HANDLETYPE, HANDLEBEAN, STATUS)
values ('4D7FDDE69A9D75ADE0533A06A8C0A8ED', '5AD17E073B774E0998F2205566FCFF6D', '5', '4CDFACE994675824E0533A06A8C0CA69', '1');

insert into BD_T_BUSITYPEHANDLE (DATAKEY, BUSITYPEID, HANDLETYPE, HANDLEBEAN, STATUS)
values ('4D7FDDE69A9E75ADE0533A06A8C0A8ED', '5AD17E073B774E0998F2205566FCFF6D', '2', '4F283E2CD9296830E0533A06A8C0526D', '1');

insert into BD_T_BUSITYPEHANDLE (DATAKEY, BUSITYPEID, HANDLETYPE, HANDLEBEAN, STATUS)
values ('4D7FDDE69A9F75ADE0533A06A8C0A8ED', '5AD17E073B774E0998F2205566FCFF6D', '1', '4CDFACE994625824E0533A06A8C0CA69', '1');

insert into BD_T_BUSITYPEHANDLE (DATAKEY, BUSITYPEID, HANDLETYPE, HANDLEBEAN, STATUS)
values ('4D7FDDE69AA075ADE0533A06A8C0A8ED', '5AD17E073B774E0998F2205566FCFF6D', '6', '4CDFACE994955824E0533A06A8C0CA69', '1');

insert into BD_T_BUSITYPEHANDLE (DATAKEY, BUSITYPEID, HANDLETYPE, HANDLEBEAN, STATUS)
values ('4D7FDDE69AA175ADE0533A06A8C0A8ED', '5AD17E073B774E0998F2205566FCFF6D', '7', '4CDFACE994965824E0533A06A8C0CA69', '1');

insert into BD_T_BUSITYPEHANDLE (DATAKEY, BUSITYPEID, HANDLETYPE, HANDLEBEAN, STATUS)
values ('4D7FDDE69AA275ADE0533A06A8C0A8ED', '5AD17E073B774E0998F2205566FCFF6D', '8', '4CDFACE994975824E0533A06A8C0CA69', '1');

insert into BD_T_BUSITYPEHANDLE (DATAKEY, BUSITYPEID, HANDLETYPE, HANDLEBEAN, STATUS)
values ('4D7FDDE69AA375ADE0533A06A8C0A8ED', '5AD17E073B774E0998F2205566FCFF6D', '10', '4CDFACE994835824E0533A06A8C0CA69', '1');

insert into BD_T_BUSITYPEHANDLE (DATAKEY, BUSITYPEID, HANDLETYPE, HANDLEBEAN, STATUS)
values ('4D7FDDE69AA475ADE0533A06A8C0A8ED', '5AD17E073B774E0998F2205566FCFF6D', '9', '4CDFACE994855824E0533A06A8C0CA69', '1');

insert into BD_T_BUSITYPEHANDLE (DATAKEY, BUSITYPEID, HANDLETYPE, HANDLEBEAN, STATUS)
values ('4D7FDDE69AA575ADE0533A06A8C0A8ED', '5AD17E073B774E0998F2205566FCFF6D', '11', '4CDFACE9948A5824E0533A06A8C0CA69', '1');

insert into BD_T_BUSITYPEHANDLE (DATAKEY, BUSITYPEID, HANDLETYPE, HANDLEBEAN, STATUS)
values ('4D7FDDE69AC575ADE0533A06A8C0A8ED', '5AD17E073B774E0998F2205566FCFF6D', '13', '4CF0640211104F66E0533A06A8C0BBD6', '1');

insert into BD_T_BUSITYPEHANDLE (DATAKEY, BUSITYPEID, HANDLETYPE, HANDLEBEAN, STATUS)
values ('4EBE299CAF2B1137E0533906A8C03B30', 'FCEAEB0EBF2C4A8F8E08FAAAB1AC3330', '4', '4CDFACE994665824E0533A06A8C0CA69', '1');

insert into BD_T_BUSITYPEHANDLE (DATAKEY, BUSITYPEID, HANDLETYPE, HANDLEBEAN, STATUS)
values ('4D802EA61C897831E0533A06A8C07789', 'D9BDA90F434D4364830D37A4A1B12C3A', '10', '4CDFACE994865824E0533A06A8C0CA69', '1');

insert into BD_T_BUSITYPEHANDLE (DATAKEY, BUSITYPEID, HANDLETYPE, HANDLEBEAN, STATUS)
values ('4D802EA61C8A7831E0533A06A8C07789', 'D9BDA90F434D4364830D37A4A1B12C3A', '9', '4CDFACE9948C5824E0533A06A8C0CA69', '1');

insert into BD_T_BUSITYPEHANDLE (DATAKEY, BUSITYPEID, HANDLETYPE, HANDLEBEAN, STATUS)
values ('4D802EA61C8C7831E0533A06A8C07789', 'D9BDA90F434D4364830D37A4A1B12C3A', '11', '4CDFACE9948A5824E0533A06A8C0CA69', '1');

insert into BD_T_BUSITYPEHANDLE (DATAKEY, BUSITYPEID, HANDLETYPE, HANDLEBEAN, STATUS)
values ('4D802EA61C8E7831E0533A06A8C07789', 'D9BDA90F434D4364830D37A4A1B12C3A', '13', '4CF0640211104F66E0533A06A8C0BBD6', '1');

insert into BD_T_BUSITYPEHANDLE (DATAKEY, BUSITYPEID, HANDLETYPE, HANDLEBEAN, STATUS)
values ('4D7FBB216A3370ADE0533A06A8C0D0B3', 'D9BDA90F434D4364830D37A4A1B12C3A', '3', '4CDFACE994655824E0533A06A8C0CA69', '1');

insert into BD_T_BUSITYPEHANDLE (DATAKEY, BUSITYPEID, HANDLETYPE, HANDLEBEAN, STATUS)
values ('4D7FBB216A3470ADE0533A06A8C0D0B3', 'D9BDA90F434D4364830D37A4A1B12C3A', '4', '4CDFACE994665824E0533A06A8C0CA69', '1');

insert into BD_T_BUSITYPEHANDLE (DATAKEY, BUSITYPEID, HANDLETYPE, HANDLEBEAN, STATUS)
values ('4D7FBB216A3570ADE0533A06A8C0D0B3', 'D9BDA90F434D4364830D37A4A1B12C3A', '5', '4CDFACE994675824E0533A06A8C0CA69', '1');

insert into BD_T_BUSITYPEHANDLE (DATAKEY, BUSITYPEID, HANDLETYPE, HANDLEBEAN, STATUS)
values ('4D7FBB216A3670ADE0533A06A8C0D0B3', 'D9BDA90F434D4364830D37A4A1B12C3A', '1', '4CDFACE994645824E0533A06A8C0CA69', '1');

DELETE FROM  BD_T_BUSITYPEMENU WHERE BUSITYPEID IN('D839126B0AF544C288ABFE0BBB5A74C2','14F04DE6CF7743EF90DB6E2AAEEC2A86','5AD17E073B774E0998F2205566FCFF6D','D9BDA90F434D4364830D37A4A1B12C3A','EB0C57EE5D1B411883EAC3D224DF56ED','FCEAEB0EBF2C4A8F8E08FAAAB1AC3330','D9BDA90F434D4364830D37A4A1B16548','14F04DE6CF7743EF90DB6E2AAEEC6545');
insert into BD_T_BUSITYPEMENU (DATAKEY, BUSITYPEID, MENUID, MENUNAME, DRAFTSHOW, TODOSHOW, HISSHOW, VERTICALSHOW, HORIZONTALSHOW, GENERALSHOW, DETAILSHOW, STATUS)
values ('50D1B9DE43F667ACE0533906A8C0EA4C', '14F04DE6CF7743EF90DB6E2AAEEC6545', '12000305', '一级项目调整', '1', '1', '1', '1', '1', '1', '1', '1');

insert into BD_T_BUSITYPEMENU (DATAKEY, BUSITYPEID, MENUID, MENUNAME, DRAFTSHOW, TODOSHOW, HISSHOW, VERTICALSHOW, HORIZONTALSHOW, GENERALSHOW, DETAILSHOW, STATUS)
values ('50D1B9DE43F767ACE0533906A8C0EA4C', '14F04DE6CF7743EF90DB6E2AAEEC6545', '12000306', '一级项目调整审核', '1', '1', '1', '1', '1', '1', '1', '1');

insert into BD_T_BUSITYPEMENU (DATAKEY, BUSITYPEID, MENUID, MENUNAME, DRAFTSHOW, TODOSHOW, HISSHOW, VERTICALSHOW, HORIZONTALSHOW, GENERALSHOW, DETAILSHOW, STATUS)
values ('50D0A87C548767B8E0533906A8C024C2', 'D9BDA90F434D4364830D37A4A1B16548', '12000406', '二级项目调整', '1', '1', '1', '1', '1', '1', '1', '1');

insert into BD_T_BUSITYPEMENU (DATAKEY, BUSITYPEID, MENUID, MENUNAME, DRAFTSHOW, TODOSHOW, HISSHOW, VERTICALSHOW, HORIZONTALSHOW, GENERALSHOW, DETAILSHOW, STATUS)
values ('50D0A87C548867B8E0533906A8C024C2', 'D9BDA90F434D4364830D37A4A1B16548', '12000407', '二级项目调整审核', '1', '1', '1', '1', '1', '1', '1', '1');

insert into BD_T_BUSITYPEMENU (DATAKEY, BUSITYPEID, MENUID, MENUNAME, DRAFTSHOW, TODOSHOW, HISSHOW, VERTICALSHOW, HORIZONTALSHOW, GENERALSHOW, DETAILSHOW, STATUS)
values ('4D7FDDE69A8A75ADE0533A06A8C0A8ED', '5AD17E073B774E0998F2205566FCFF6D', '12000301', '一级项目设立', '1', '1', '1', '1', '1', '1', '1', '1');

insert into BD_T_BUSITYPEMENU (DATAKEY, BUSITYPEID, MENUID, MENUNAME, DRAFTSHOW, TODOSHOW, HISSHOW, VERTICALSHOW, HORIZONTALSHOW, GENERALSHOW, DETAILSHOW, STATUS)
values ('4D7FDDE69A8B75ADE0533A06A8C0A8ED', '5AD17E073B774E0998F2205566FCFF6D', '12000303', '一级项目查看', '1', '1', '1', '1', '1', '1', '1', '1');

insert into BD_T_BUSITYPEMENU (DATAKEY, BUSITYPEID, MENUID, MENUNAME, DRAFTSHOW, TODOSHOW, HISSHOW, VERTICALSHOW, HORIZONTALSHOW, GENERALSHOW, DETAILSHOW, STATUS)
values ('4D7FDDE69A8C75ADE0533A06A8C0A8ED', '5AD17E073B774E0998F2205566FCFF6D', '12000304', '一级项目确认', '1', '1', '1', '1', '1', '1', '1', '1');

insert into BD_T_BUSITYPEMENU (DATAKEY, BUSITYPEID, MENUID, MENUNAME, DRAFTSHOW, TODOSHOW, HISSHOW, VERTICALSHOW, HORIZONTALSHOW, GENERALSHOW, DETAILSHOW, STATUS)
values ('4D7FDDE69A8F75ADE0533A06A8C0A8ED', '5AD17E073B774E0998F2205566FCFF6D', '12000307', '一级本级项目备份', '1', '1', '1', '1', '1', '1', '1', '1');

insert into BD_T_BUSITYPEMENU (DATAKEY, BUSITYPEID, MENUID, MENUNAME, DRAFTSHOW, TODOSHOW, HISSHOW, VERTICALSHOW, HORIZONTALSHOW, GENERALSHOW, DETAILSHOW, STATUS)
values ('4DE17641497960C3E0533A06A8C0B100', 'FCEAEB0EBF2C4A8F8E08FAAAB1AC3330', '11200101', '专项资金设立', '1', '1', '0', '1', '1', '1', '1', '1');

insert into BD_T_BUSITYPEMENU (DATAKEY, BUSITYPEID, MENUID, MENUNAME, DRAFTSHOW, TODOSHOW, HISSHOW, VERTICALSHOW, HORIZONTALSHOW, GENERALSHOW, DETAILSHOW, STATUS)
values ('4DE17641497A60C3E0533A06A8C0B100', 'FCEAEB0EBF2C4A8F8E08FAAAB1AC3330', '11202108', '专项资金备份', '1', '1', '0', '1', '1', '1', '1', '1');

insert into BD_T_BUSITYPEMENU (DATAKEY, BUSITYPEID, MENUID, MENUNAME, DRAFTSHOW, TODOSHOW, HISSHOW, VERTICALSHOW, HORIZONTALSHOW, GENERALSHOW, DETAILSHOW, STATUS)
values ('4DE17641497B60C3E0533A06A8C0B100', 'FCEAEB0EBF2C4A8F8E08FAAAB1AC3330', '11200102', '专项资金确认', '1', '1', '0', '1', '1', '1', '1', '1');

insert into BD_T_BUSITYPEMENU (DATAKEY, BUSITYPEID, MENUID, MENUNAME, DRAFTSHOW, TODOSHOW, HISSHOW, VERTICALSHOW, HORIZONTALSHOW, GENERALSHOW, DETAILSHOW, STATUS)
values ('4DE17641497C60C3E0533A06A8C0B100', 'FCEAEB0EBF2C4A8F8E08FAAAB1AC3330', '11202106', '专项资金发布', '1', '1', '0', '1', '1', '1', '1', '1');

insert into BD_T_BUSITYPEMENU (DATAKEY, BUSITYPEID, MENUID, MENUNAME, DRAFTSHOW, TODOSHOW, HISSHOW, VERTICALSHOW, HORIZONTALSHOW, GENERALSHOW, DETAILSHOW, STATUS)
values ('4DE17641497F60C3E0533A06A8C0B100', 'FCEAEB0EBF2C4A8F8E08FAAAB1AC3330', '6633c22b363641c4943c368794b406d0', '专项资金托管设置', '1', '1', '0', '1', '1', '1', '1', '1');

insert into BD_T_BUSITYPEMENU (DATAKEY, BUSITYPEID, MENUID, MENUNAME, DRAFTSHOW, TODOSHOW, HISSHOW, VERTICALSHOW, HORIZONTALSHOW, GENERALSHOW, DETAILSHOW, STATUS)
values ('4DE199B9A9E362D9E0533A06A8C02A8F', 'EB0C57EE5D1B411883EAC3D224DF56ED', '11200201', '项目申报', '1', '1', '0', '1', '1', '1', '1', '1');

insert into BD_T_BUSITYPEMENU (DATAKEY, BUSITYPEID, MENUID, MENUNAME, DRAFTSHOW, TODOSHOW, HISSHOW, VERTICALSHOW, HORIZONTALSHOW, GENERALSHOW, DETAILSHOW, STATUS)
values ('4DE199B9A9E462D9E0533A06A8C02A8F', 'EB0C57EE5D1B411883EAC3D224DF56ED', '120002003', '项目备份', '1', '1', '0', '1', '1', '1', '1', '1');

insert into BD_T_BUSITYPEMENU (DATAKEY, BUSITYPEID, MENUID, MENUNAME, DRAFTSHOW, TODOSHOW, HISSHOW, VERTICALSHOW, HORIZONTALSHOW, GENERALSHOW, DETAILSHOW, STATUS)
values ('4DE199B9A9E662D9E0533A06A8C02A8F', 'EB0C57EE5D1B411883EAC3D224DF56ED', '3302E92C350BBD3AE0530100007F7598', '项目代录', '1', '1', '0', '1', '1', '1', '1', '1');

insert into BD_T_BUSITYPEMENU (DATAKEY, BUSITYPEID, MENUID, MENUNAME, DRAFTSHOW, TODOSHOW, HISSHOW, VERTICALSHOW, HORIZONTALSHOW, GENERALSHOW, DETAILSHOW, STATUS)
values ('4DE199B9A9E762D9E0533A06A8C02A8F', 'EB0C57EE5D1B411883EAC3D224DF56ED', '11200202', '项目确认', '1', '1', '0', '1', '1', '1', '1', '1');

insert into BD_T_BUSITYPEMENU (DATAKEY, BUSITYPEID, MENUID, MENUNAME, DRAFTSHOW, TODOSHOW, HISSHOW, VERTICALSHOW, HORIZONTALSHOW, GENERALSHOW, DETAILSHOW, STATUS)
values ('4DE199B9A9E862D9E0533A06A8C02A8F', 'EB0C57EE5D1B411883EAC3D224DF56ED', '11200205', '纳入预算', '1', '1', '0', '1', '1', '1', '1', '1');

insert into BD_T_BUSITYPEMENU (DATAKEY, BUSITYPEID, MENUID, MENUNAME, DRAFTSHOW, TODOSHOW, HISSHOW, VERTICALSHOW, HORIZONTALSHOW, GENERALSHOW, DETAILSHOW, STATUS)
values ('4DE199B9A9EB62D9E0533A06A8C02A8F', 'EB0C57EE5D1B411883EAC3D224DF56ED', '112002051', '纳入指标', '1', '1', '0', '1', '1', '1', '1', '1');

insert into BD_T_BUSITYPEMENU (DATAKEY, BUSITYPEID, MENUID, MENUNAME, DRAFTSHOW, TODOSHOW, HISSHOW, VERTICALSHOW, HORIZONTALSHOW, GENERALSHOW, DETAILSHOW, STATUS)
values ('4D90B4CA1A2B0CC8E0533A06A8C0A35F', 'D9BDA90F434D4364830D37A4A1B12C3A', '12000414', '二级项目代录', '1', '1', '1', '1', '1', '1', '1', '1');

insert into BD_T_BUSITYPEMENU (DATAKEY, BUSITYPEID, MENUID, MENUNAME, DRAFTSHOW, TODOSHOW, HISSHOW, VERTICALSHOW, HORIZONTALSHOW, GENERALSHOW, DETAILSHOW, STATUS)
values ('4D90B4CA1A2C0CC8E0533A06A8C0A35F', 'D9BDA90F434D4364830D37A4A1B12C3A', '22957CD1D93491A2E050A8C0210562F7', '二级项目备份', '1', '1', '1', '1', '1', '1', '1', '1');

insert into BD_T_BUSITYPEMENU (DATAKEY, BUSITYPEID, MENUID, MENUNAME, DRAFTSHOW, TODOSHOW, HISSHOW, VERTICALSHOW, HORIZONTALSHOW, GENERALSHOW, DETAILSHOW, STATUS)
values ('4D90B4CA1A2D0CC8E0533A06A8C0A35F', 'D9BDA90F434D4364830D37A4A1B12C3A', '2295863373578E3CE050A8C021056472', '二级项目申报', '1', '1', '1', '1', '1', '1', '1', '1');

insert into BD_T_BUSITYPEMENU (DATAKEY, BUSITYPEID, MENUID, MENUNAME, DRAFTSHOW, TODOSHOW, HISSHOW, VERTICALSHOW, HORIZONTALSHOW, GENERALSHOW, DETAILSHOW, STATUS)
values ('4D90B4CA1A2F0CC8E0533A06A8C0A35F', 'D9BDA90F434D4364830D37A4A1B12C3A', '12000409', '二级项目选择排序', '1', '1', '1', '1', '1', '1', '1', '1');

insert into BD_T_BUSITYPEMENU (DATAKEY, BUSITYPEID, MENUID, MENUNAME, DRAFTSHOW, TODOSHOW, HISSHOW, VERTICALSHOW, HORIZONTALSHOW, GENERALSHOW, DETAILSHOW, STATUS)
values ('4D90B4CA1A300CC8E0533A06A8C0A35F', 'D9BDA90F434D4364830D37A4A1B12C3A', '12000408', '二级项目确认', '1', '1', '1', '1', '1', '1', '1', '1');

insert into BD_T_BUSITYPEMENU (DATAKEY, BUSITYPEID, MENUID, MENUNAME, DRAFTSHOW, TODOSHOW, HISSHOW, VERTICALSHOW, HORIZONTALSHOW, GENERALSHOW, DETAILSHOW, STATUS)
values ('4D90B4CA1A310CC8E0533A06A8C0A35F', 'D9BDA90F434D4364830D37A4A1B12C3A', '12000404', '二级项目纳入预算', '1', '1', '1', '1', '1', '1', '1', '1');

insert into BD_T_BUSITYPEMENU (DATAKEY, BUSITYPEID, MENUID, MENUNAME, DRAFTSHOW, TODOSHOW, HISSHOW, VERTICALSHOW, HORIZONTALSHOW, GENERALSHOW, DETAILSHOW, STATUS)
values ('4D90B4CA1A320CC8E0533A06A8C0A35F', 'D9BDA90F434D4364830D37A4A1B12C3A', '12000405', '二级项目纳入指标', '1', '1', '1', '1', '1', '1', '1', '1');

insert into BD_T_BUSITYPEMENU (DATAKEY, BUSITYPEID, MENUID, MENUNAME, DRAFTSHOW, TODOSHOW, HISSHOW, VERTICALSHOW, HORIZONTALSHOW, GENERALSHOW, DETAILSHOW, STATUS)
values ('4F8D3977B6AA5B0AE0533906A8C010B5', 'EB0C57EE5D1B411883EAC3D224DF56ED', '11200204', '项目查看', '1', '1', '1', '1', '1', '1', '1', '1');

insert into BD_T_BUSITYPEMENU (DATAKEY, BUSITYPEID, MENUID, MENUNAME, DRAFTSHOW, TODOSHOW, HISSHOW, VERTICALSHOW, HORIZONTALSHOW, GENERALSHOW, DETAILSHOW, STATUS)
values ('4FA189293274362AE0533906A8C051D1', 'EB0C57EE5D1B411883EAC3D224DF56ED', '11200203', '项目排序', '1', '1', '0', '1', '1', '1', '1', '1');

insert into BD_T_BUSITYPEMENU (DATAKEY, BUSITYPEID, MENUID, MENUNAME, DRAFTSHOW, TODOSHOW, HISSHOW, VERTICALSHOW, HORIZONTALSHOW, GENERALSHOW, DETAILSHOW, STATUS)
values ('4F8D140EA7DA5A26E0533906A8C0D9EC', 'FCEAEB0EBF2C4A8F8E08FAAAB1AC3330', '1120010102', '专项资金查看', '1', '1', '1', '1', '1', '1', '1', '1');

insert into BD_T_BUSITYPEMENU (DATAKEY, BUSITYPEID, MENUID, MENUNAME, DRAFTSHOW, TODOSHOW, HISSHOW, VERTICALSHOW, HORIZONTALSHOW, GENERALSHOW, DETAILSHOW, STATUS)
values ('4F3A7304BA8511E7E0533906A8C003E6', 'EB0C57EE5D1B411883EAC3D224DF56ED', '11200209', '项目删除', '1', '1', '0', '1', '1', '1', '1', '1');

insert into BD_T_BUSITYPEMENU (DATAKEY, BUSITYPEID, MENUID, MENUNAME, DRAFTSHOW, TODOSHOW, HISSHOW, VERTICALSHOW, HORIZONTALSHOW, GENERALSHOW, DETAILSHOW, STATUS)
values ('4F3A7304BA8611E7E0533906A8C003E6', 'D9BDA90F434D4364830D37A4A1B12C3A', '12000413', '二级项目删除', '1', '1', '1', '1', '1', '1', '1', '1');

insert into BD_T_BUSITYPEMENU (DATAKEY, BUSITYPEID, MENUID, MENUNAME, DRAFTSHOW, TODOSHOW, HISSHOW, VERTICALSHOW, HORIZONTALSHOW, GENERALSHOW, DETAILSHOW, STATUS)
values ('4F4F587D169266B5E0533906A8C015B6', 'D9BDA90F434D4364830D37A4A1B12C3A', '12000403', '二级项目查看', '1', '1', '1', '1', '1', '1', '1', '1');

insert into BD_T_BUSITYPEMENU (DATAKEY, BUSITYPEID, MENUID, MENUNAME, DRAFTSHOW, TODOSHOW, HISSHOW, VERTICALSHOW, HORIZONTALSHOW, GENERALSHOW, DETAILSHOW, STATUS)
values ('4FDAD4405EA83899E0533906A8C0EABB', '14F04DE6CF7743EF90DB6E2AAEEC2A86', '11202105', '专项资金调整审核', '1', '1', '0', '1', '1', '1', '1', '1');

insert into BD_T_BUSITYPEMENU (DATAKEY, BUSITYPEID, MENUID, MENUNAME, DRAFTSHOW, TODOSHOW, HISSHOW, VERTICALSHOW, HORIZONTALSHOW, GENERALSHOW, DETAILSHOW, STATUS)
values ('4FDB231391EB3B2FE0533906A8C0D5AE', '14F04DE6CF7743EF90DB6E2AAEEC2A86', '11202103', '专项资金调整', '1', '1', '0', '1', '1', '1', '1', '1');

insert into BD_T_BUSITYPEMENU (DATAKEY, BUSITYPEID, MENUID, MENUNAME, DRAFTSHOW, TODOSHOW, HISSHOW, VERTICALSHOW, HORIZONTALSHOW, GENERALSHOW, DETAILSHOW, STATUS)
values ('4FDB231391F83B2FE0533906A8C0D5AE', 'D839126B0AF544C288ABFE0BBB5A74C2', '120002001', '项目调整', '1', '1', '0', '1', '1', '1', '1', '1');

insert into BD_T_BUSITYPEMENU (DATAKEY, BUSITYPEID, MENUID, MENUNAME, DRAFTSHOW, TODOSHOW, HISSHOW, VERTICALSHOW, HORIZONTALSHOW, GENERALSHOW, DETAILSHOW, STATUS)
values ('502CB8C2ED750964E0533906A8C072C2', 'D839126B0AF544C288ABFE0BBB5A74C2', '120002002', '项目调整审核', '1', '1', '1', '1', '1', '1', '1', '1');

DELETE FROM BD_T_PUBMENU WHERE BUSITYPEID IN('D839126B0AF544C288ABFE0BBB5A74C2','14F04DE6CF7743EF90DB6E2AAEEC2A86','5AD17E073B774E0998F2205566FCFF6D','D9BDA90F434D4364830D37A4A1B12C3A','EB0C57EE5D1B411883EAC3D224DF56ED','FCEAEB0EBF2C4A8F8E08FAAAB1AC3330','D9BDA90F434D4364830D37A4A1B16548','14F04DE6CF7743EF90DB6E2AAEEC6545');
insert into BD_T_PUBMENU (MENUID, MENUCODE, MENUNAME, PARENTID, ISLEAF, LEVELNO, STATUS, REMARK, ORDERCODE, MENUURL, APPID, BUSITYPEID, PARAM4)
values ('4e057cd9f5c54c3a8d45641c97cd1d64', '00400100001', '一级项目调整', 'spfCreatebusi', null, 2, '1', null, 1, '/spf/bd/task/bdTrun.do?busiTypeID=14F04DE6CF7743EF90DB6E2AAEEC6545', 'spf', '14F04DE6CF7743EF90DB6E2AAEEC6545', null);

insert into BD_T_PUBMENU (MENUID, MENUCODE, MENUNAME, PARENTID, ISLEAF, LEVELNO, STATUS, REMARK, ORDERCODE, MENUURL, APPID, BUSITYPEID, PARAM4)
values ('b85450f5352945fa99ccd7866b880575', '00400100003', '二级项目调整', 'spfCreatebusi', null, 2, '1', null, 2, '/spf/bd/task/bdTrun.do?busiTypeID=D9BDA90F434D4364830D37A4A1B16548', 'spf', 'D9BDA90F434D4364830D37A4A1B16548', null);

insert into BD_T_PUBMENU (MENUID, MENUCODE, MENUNAME, PARENTID, ISLEAF, LEVELNO, STATUS, REMARK, ORDERCODE, MENUURL, APPID, BUSITYPEID, PARAM4)
values ('18781bfe8a794de19337cded026e720f', '002001002', '二级项目申报', 'spfCreatebusi', null, 2, '1', null, 1, '/spf/bd/task/bdTrun.do?busiTypeID=D9BDA90F434D4364830D37A4A1B12C3A', 'spf', 'D9BDA90F434D4364830D37A4A1B12C3A', null);

insert into BD_T_PUBMENU (MENUID, MENUCODE, MENUNAME, PARENTID, ISLEAF, LEVELNO, STATUS, REMARK, ORDERCODE, MENUURL, APPID, BUSITYPEID, PARAM4)
values ('722cf09ac82e463eaabb191fb614a0cc', '002001002', '一级项目设立', 'spfCreatebusi', null, 4, '1', null, 1, '/spf/bd/task/bdTrun.do?busiTypeID=5AD17E073B774E0998F2205566FCFF6D', 'spf', '5AD17E073B774E0998F2205566FCFF6D', null);

insert into BD_T_PUBMENU (MENUID, MENUCODE, MENUNAME, PARENTID, ISLEAF, LEVELNO, STATUS, REMARK, ORDERCODE, MENUURL, APPID, BUSITYPEID, PARAM4)
values ('1dd99d718bc44efda885a2db15cb6f9c', '002001002', '项目申报', 'spfCreatebusi', null, 2, '1', null, 1, '/spf/bd/task/bdTrun.do?busiTypeID=EB0C57EE5D1B411883EAC3D224DF56ED', 'spf', 'EB0C57EE5D1B411883EAC3D224DF56ED', null);

insert into BD_T_PUBMENU (MENUID, MENUCODE, MENUNAME, PARENTID, ISLEAF, LEVELNO, STATUS, REMARK, ORDERCODE, MENUURL, APPID, BUSITYPEID, PARAM4)
values ('14b7970a6a864ced8ad892865666c503', '001002', '专项设立', 'spfCreatebusi', null, 2, '1', null, 3, '/spf/bd/task/bdTrun.do?busiTypeID=FCEAEB0EBF2C4A8F8E08FAAAB1AC3330', 'spf', 'FCEAEB0EBF2C4A8F8E08FAAAB1AC3330', null);

insert into BD_T_PUBMENU (MENUID, MENUCODE, MENUNAME, PARENTID, ISLEAF, LEVELNO, STATUS, REMARK, ORDERCODE, MENUURL, APPID, BUSITYPEID, PARAM4)
values ('2cdf4c82ee6249ba9179415a1f2e188d', '1', '专项调整', 'spfCreatebusi', null, 2, '1', null, 1, '/spf/bd/task/bdTrun.do?busiTypeID=14F04DE6CF7743EF90DB6E2AAEEC2A86', 'spf', '14F04DE6CF7743EF90DB6E2AAEEC2A86', null);

insert into BD_T_PUBMENU (MENUID, MENUCODE, MENUNAME, PARENTID, ISLEAF, LEVELNO, STATUS, REMARK, ORDERCODE, MENUURL, APPID, BUSITYPEID, PARAM4)
values ('572dc318609b4865aa53614b7e78c828', '2', '项目调整', 'spfCreatebusi', null, 2, '1', null, 1, '/spf/bd/task/bdTrun.do?busiTypeID=D839126B0AF544C288ABFE0BBB5A74C2', 'spf', 'D839126B0AF544C288ABFE0BBB5A74C2', null);

DELETE FROM FASP_T_PUBMENU WHERE GUID IN('572dc318609b4865aa53614b7e78c828','2cdf4c82ee6249ba9179415a1f2e188d','14b7970a6a864ced8ad892865666c503','1dd99d718bc44efda885a2db15cb6f9c','722cf09ac82e463eaabb191fb614a0cc','18781bfe8a794de19337cded026e720f','b85450f5352945fa99ccd7866b880575','4e057cd9f5c54c3a8d45641c97cd1d64');
insert into FASP_T_PUBMENU (GUID, LEVELNO, ISLEAF, STATUS, CODE, NAME, PARENTID, URL, MENUORDER, APPID, ADMINTYPE)
values ('4e057cd9f5c54c3a8d45641c97cd1d64', 2, 1, '1', '00400100001', '一级项目调整', 'spfCreatebusi', '/spf/bd/task/bdTrun.do?busiTypeID=14F04DE6CF7743EF90DB6E2AAEEC6545', 1, 'spf', 1);

insert into FASP_T_PUBMENU (GUID, LEVELNO, ISLEAF, STATUS, CODE, NAME, PARENTID, URL, MENUORDER, APPID, ADMINTYPE)
values ('b85450f5352945fa99ccd7866b880575', 2, 1, '1', '00400100003', '二级项目调整', 'spfCreatebusi', '/spf/bd/task/bdTrun.do?busiTypeID=D9BDA90F434D4364830D37A4A1B16548', 2, 'spf', 1);

insert into FASP_T_PUBMENU (GUID, LEVELNO, ISLEAF, STATUS, CODE, NAME, PARENTID, URL, MENUORDER, APPID, ADMINTYPE)
values ('18781bfe8a794de19337cded026e720f', 2, 1, '1', '002001002', '二级项目申报', 'spfCreatebusi', '/spf/bd/task/bdTrun.do?busiTypeID=D9BDA90F434D4364830D37A4A1B12C3A', 1, 'spf', 1);

insert into FASP_T_PUBMENU (GUID, LEVELNO, ISLEAF, STATUS, CODE, NAME, PARENTID, URL, MENUORDER, APPID, ADMINTYPE)
values ('722cf09ac82e463eaabb191fb614a0cc', 4, 1, '1', '002001002', '一级项目设立', 'spfCreatebusi', '/spf/bd/task/bdTrun.do?busiTypeID=5AD17E073B774E0998F2205566FCFF6D', 1, 'spf', 1);

insert into FASP_T_PUBMENU (GUID, LEVELNO, ISLEAF, STATUS, CODE, NAME, PARENTID, URL, MENUORDER, APPID, ADMINTYPE)
values ('1dd99d718bc44efda885a2db15cb6f9c', 2, 1, '1', '002001002', '项目申报', 'spfCreatebusi', '/spf/bd/task/bdTrun.do?busiTypeID=EB0C57EE5D1B411883EAC3D224DF56ED', 1, 'spf', 1);

insert into FASP_T_PUBMENU (GUID, LEVELNO, ISLEAF, STATUS, CODE, NAME, PARENTID, URL, MENUORDER, APPID, ADMINTYPE)
values ('14b7970a6a864ced8ad892865666c503', 2, 1, '1', '001002', '专项设立', 'spfCreatebusi', '/spf/bd/task/bdTrun.do?busiTypeID=FCEAEB0EBF2C4A8F8E08FAAAB1AC3330', 3, 'spf', 1);

insert into FASP_T_PUBMENU (GUID, LEVELNO, ISLEAF, STATUS, CODE, NAME, PARENTID, URL, MENUORDER, APPID, ADMINTYPE)
values ('2cdf4c82ee6249ba9179415a1f2e188d', 2, 1, '1', '1', '专项调整', 'spfCreatebusi', '/spf/bd/task/bdTrun.do?busiTypeID=14F04DE6CF7743EF90DB6E2AAEEC2A86', 1, 'spf', 1);

insert into FASP_T_PUBMENU (GUID, LEVELNO, ISLEAF, STATUS, CODE, NAME, PARENTID, URL, MENUORDER, APPID, ADMINTYPE)
values ('572dc318609b4865aa53614b7e78c828', 2, 1, '1', '2', '项目调整', 'spfCreatebusi', '/spf/bd/task/bdTrun.do?busiTypeID=D839126B0AF544C288ABFE0BBB5A74C2', 1, 'spf', 1);

END;
--BD业务类型初始化
